Name,Scholar Link,DOI,Bibtex,PDF Name,Year,Scholar page,Journal,Downloaded,Downloaded from,Authors
Augmentative and alternative communication for speaking autistic adults: Overview and recommendations,https://www.liebertpub.com/doi/abs/10.1089/AUT.2018.0007,10.1089/aut.2018.0007,True,Augmentative and alternative communication for speaking autistic adults_ Overview and recommendations.pdf,2019,"https://scholar.google.com/scholar?hl=en&q=augmentative and alternative communication&as_vis=1&as_sdt=1,5&start=%d&as_ylo=2018",Autism in Adulthood,True,Scholar,Alyssa Hillary Zisk and Elizabeth Dalton
Brain–computer interfaces for augmentative and alternative communication: A tutorial,https://pubs.asha.org/doi/abs/10.1044/2017_AJSLP-16-0244,10.1044/2017_ajslp-16-0244,True,,2018,"https://scholar.google.com/scholar?hl=en&q=augmentative and alternative communication&as_vis=1&as_sdt=1,5&start=%d&as_ylo=2018",American Journal of Speech-Language Pathology,False,,Jonathan S. Brumberg and Kevin M. Pitt and Alana Mantie-Kozlowski and Jeremy D. Burnison
Augmentative and alternative communication (AAC) advances: A review of configurations for individuals with a speech disability,https://www.mdpi.com/450026,10.3390/s19081911,True,,2019,"https://scholar.google.com/scholar?hl=en&q=augmentative and alternative communication&as_vis=1&as_sdt=1,5&start=%d&as_ylo=2018",Sensors,False,,Yasmin Elsahar and Sijung Hu and Kaddour Bouazza-Marouf and David Kerr and Annysa Mansor
Deep neural network-based speaker-aware information logging for augmentative and alternative communication,http://ojs.istp-press.com/jait/article/view/20,10.37965/jait.2021.0017,True,Deep neural network-based speaker-aware information logging for augmentative and alternative communication.pdf,2021,"https://scholar.google.com/scholar?hl=en&q=augmentative and alternative communication&as_vis=1&as_sdt=1,5&start=%d&as_ylo=2018",Special Issue: Blockchain and Artificial Intelligence Applications,True,Scholar,Gang Hu and Szu-Han Kay Chen and Neal Mazur
… of interventions that include aided augmentative and alternative communication input on the communication of individuals with complex communication needs: A meta …,https://pubs.asha.org/doi/abs/10.1044/2018_JSLHR-L-17-0132,10.1044/2018_jslhr-l-17-0132,True,,2018,"https://scholar.google.com/scholar?hl=en&q=augmentative and alternative communication&as_vis=1&as_sdt=1,5&start=%d&as_ylo=2018","Journal of Speech, Language, and Hearing Research",False,,Tara O{\textquotesingle}Neill and Janice Light and Lauramarie Pope
Revisiting the role of augmentative and alternative communication in aphasia rehabilitation,https://pubs.asha.org/doi/abs/10.1044/2019_AJSLP-19-00041,10.1044/2019_ajslp-19-00041,True,,2020,"https://scholar.google.com/scholar?hl=en&q=augmentative and alternative communication&as_vis=1&as_sdt=1,5&start=%d&as_ylo=2018",American Journal of Speech-Language Pathology,False,,Aimee Dietz and Sarah E. Wallace and Kristy Weissling
English language teaching based on big data analytics in augmentative and alternative communication system,https://link.springer.com/article/10.1007/s10772-022-09960-1,10.1007/s10772-022-09960-1,True,,2022,"https://scholar.google.com/scholar?hl=en&q=augmentative and alternative communication&as_vis=1&as_sdt=1,5&start=%d&as_ylo=2018",International Journal of Speech Technology,False,,Ran Qian and Sudhakar Sengan and Sapna Juneja
Rethinking family (dis) engagement with augmentative & alternative communication,https://nasenjournals.onlinelibrary.wiley.com/doi/abs/10.1111/1471-3802.12510,10.1111/1471-3802.12510,True,,2021,"https://scholar.google.com/scholar?hl=en&q=augmentative and alternative communication&as_vis=1&as_sdt=1,5&start=%d&as_ylo=2018",Journal of Research in Special Educational Needs,False,,Lauran Doak
Update on preservice training in augmentative and alternative communication for speech-language pathologists,https://pubs.asha.org/doi/abs/10.1044/2018_AJSLP-18-0004,10.1044/2018_ajslp-18-0004,True,,2019,"https://scholar.google.com/scholar?hl=en&q=augmentative and alternative communication&as_vis=1&as_sdt=1,5&start=%d&as_ylo=2018",American Journal of Speech-Language Pathology,False,,Rachel K. Johnson and Jessica Prebor
Conversational agency in augmentative and alternative communication,https://dl.acm.org/doi/abs/10.1145/3313831.3376376,10.1145/3313831.3376376,True,Conversational agency in augmentative and alternative communication.pdf,2020,"https://scholar.google.com/scholar?hl=en&q=augmentative and alternative communication&as_vis=1&as_sdt=1,5&start=%d&as_ylo=2018",{ACM},True,Scholar,Stephanie Valencia and Amy Pavel and Jared Santa Maria and Seunga (Gloria) Yu and Jeffrey P. Bigham and Henny Admoni
Augmentative and alternative communication in children with Down's syndrome: a systematic review,https://link.springer.com/article/10.1186/s12887-018-1144-5,,False,Augmentative and alternative communication in children with Down_s syndrome_ a systematic review.pdf,2018,"https://scholar.google.com/scholar?hl=en&q=augmentative and alternative communication&as_vis=1&as_sdt=1,5&start=%d&as_ylo=2018",,True,SciHub,
Augmentative and alternative communication and speech production for individuals with ASD: A systematic review,https://link.springer.com/article/10.1007/s10803-021-04868-2,10.1007/s10803-021-04868-2,True,,2021,"https://scholar.google.com/scholar?hl=en&q=augmentative and alternative communication&as_vis=1&as_sdt=1,5&start=%d&as_ylo=2018",Journal of Autism and Developmental Disorders,False,,Emily N. White and Kevin M. Ayres and Sara K. Snyder and Rachel R. Cagliani and Jennifer R. Ledford
A systematic review on voiceless patients' willingness to adopt high-technology augmentative and alternative communication in intensive care units,https://www.sciencedirect.com/science/article/pii/S0964339720301518,10.1016/j.iccn.2020.102948,True,,2021,"https://scholar.google.com/scholar?hl=en&q=augmentative and alternative communication&as_vis=1&as_sdt=1,5&start=%d&as_ylo=2018",Intensive and Critical Care Nursing,False,,Xin-Xing Ju and Jie Yang and Xiao-Xin Liu
Studies Comparing Augmentative and Alternative Communication Systems (AAC) Applications for Individuals with Autism Spectrum Disorder,https://www.jstor.org/stable/27077906,10.46328/ijte.396,True,Studies Comparing Augmentative and Alternative Communication Systems _AAC_ Applications for Individuals with Autism Spectrum Disorder.pdf,2023,"https://scholar.google.com/scholar?hl=en&q=augmentative and alternative communication&as_vis=1&as_sdt=1,5&start=%d&as_ylo=2018",International Journal of Technology in Education,True,Scholar,Hamza Polat and Omer Delialioglu
Healthcare professionals' use of augmentative and alternative communication in an intensive care unit: A survey study,https://www.sciencedirect.com/science/article/pii/S0964339718303653,10.1016/j.iccn.2019.04.002,True,Healthcare professionals_ use of augmentative and alternative communication in an intensive care unit_ A survey study.pdf,2019,"https://scholar.google.com/scholar?hl=en&q=augmentative and alternative communication&as_vis=1&as_sdt=1,5&start=%d&as_ylo=2018",Intensive and Critical Care Nursing,True,Scholar,Sara Jansson and Tomas Rivera San Martin and Ensa Johnson and Stefan Nilsson
Augmentative and Alternative Communication in the Classroom: Teacher Practices and Experiences,https://pubs.asha.org/doi/abs/10.1044/2022_LSHSS-21-00125,10.1044/2022_lshss-21-00125,True,,2022,"https://scholar.google.com/scholar?hl=en&q=augmentative and alternative communication&as_vis=1&as_sdt=1,5&start=%d&as_ylo=2018","Language, Speech, and Hearing Services in Schools",False,,Elizabeth M. Leatherman and Jane R. Wegner
Ecological design of an augmentative and alternative communication device interface,https://journals.sagepub.com/doi/pdf/10.1177/15553434211029530,10.1177/15553434221078215,True,,2022,"https://scholar.google.com/scholar?hl=en&q=augmentative and alternative communication&as_vis=1&as_sdt=1,5&start=%d&as_ylo=2018",Journal of Cognitive Engineering and Decision Making,False,,Kaela Shea and Olivier St-Cyr and Tom Chau
A scoping review of the involvement of children's communication partners in aided augmentative and alternative communication modeling interventions,https://pubs.asha.org/doi/abs/10.1044/2018_AJSLP-18-0024,10.1044/2018_ajslp-18-0024,True,,2019,"https://scholar.google.com/scholar?hl=en&q=augmentative and alternative communication&as_vis=1&as_sdt=1,5&start=%d&as_ylo=2018",American Journal of Speech-Language Pathology,False,,Elizabeth E. Biggs and Erik W. Carter and Carly B. Gilson
Augmentative and alternative communication for children with intellectual and developmental disability: A mega-review of the literature,https://link.springer.com/article/10.1007/s10882-021-09790-0,10.1007/s10882-021-09790-0,True,,2021,"https://scholar.google.com/scholar?hl=en&q=augmentative and alternative communication&as_vis=1&as_sdt=1,5&start=%d&as_ylo=2018",Journal of Developmental and Physical Disabilities,False,,Becky Crowe and Wendy Machalicek and Qi Wei and Christine Drew and Jay Ganz
The perspectives of augmentative and alternative communication experts on the clinical integration of non-invasive brain-computer interfaces,https://www.tandfonline.com/doi/abs/10.1080/2326263X.2022.2057758,10.1080/2326263x.2022.2057758,True,The perspectives of augmentative and alternative communication experts on the clinical integration of non-invasive brain-computer interfaces.pdf,2022,"https://scholar.google.com/scholar?hl=en&q=augmentative and alternative communication&as_vis=1&as_sdt=1,5&start=%d&as_ylo=2018",Brain-Computer Interfaces,True,Scholar,Kevin M. Pitt and Miechelle McKelvey and Kristy Weissling
Human–computer interaction based visual feedback system for augmentative and alternative communication,https://link.springer.com/article/10.1007/s10772-021-09901-4,10.1007/s10772-021-09901-4,True,,2021,"https://scholar.google.com/scholar?hl=en&q=augmentative and alternative communication&as_vis=1&as_sdt=1,5&start=%d&as_ylo=2018",International Journal of Speech Technology,False,,Yubin~Liu and C. B. Sivaparthipan and Achyut Shankar
Effectiveness of different types of Augmentative and Alternative Communication (AAC) in improving communication skills and in enhancing the vocabulary of children …,https://link.springer.com/article/10.1007/s40489-021-00269-4,10.1007/s40489-021-00269-4,True,Effectiveness of different types of Augmentative and Alternative Communication _AAC_ in improving communication skills and in enhancing the vocabulary of children__.pdf,2021,"https://scholar.google.com/scholar?hl=en&q=augmentative and alternative communication&as_vis=1&as_sdt=1,5&start=%d&as_ylo=2018",Review Journal of Autism and Developmental Disorders,True,Scholar,Christine K. Syriopoulou-Delli and Gkiolnta Eleni
Comparing interventions with speech-generating devices and other augmentative and alternative communication modes: a meta-analysis,https://pubs.asha.org/doi/abs/10.1044/2022_AJSLP-22-00220,10.1044/2022_ajslp-22-00220,True,,2023,"https://scholar.google.com/scholar?hl=en&q=augmentative and alternative communication&as_vis=1&as_sdt=1,5&start=%d&as_ylo=2018",American Journal of Speech-Language Pathology,False,,Natalie S. Pak and Kathryn M. Bailey and Jennifer R. Ledford and Ann P. Kaiser
"… of parents of children with cerebral palsy on the supports, challenges, and realities of integrating augmentative and alternative communication into everyday life",https://pubs.asha.org/doi/abs/10.1044/2019_AJSLP-19-00103,10.1044/2019_ajslp-19-00103,True,,2020,"https://scholar.google.com/scholar?hl=en&q=augmentative and alternative communication&as_vis=1&as_sdt=1,5&start=%d&as_ylo=2018",American Journal of Speech-Language Pathology,False,,Tara O{\textquotesingle}Neill and Krista M. Wilkinson
Knowledge and experiences with augmentative and alternative communication by paediatric nurses: a pilot study,https://www.tandfonline.com/doi/abs/10.1080/17483107.2019.1685015,10.1080/17483107.2019.1685015,True,,2019,"https://scholar.google.com/scholar?hl=en&q=augmentative and alternative communication&as_vis=1&as_sdt=1,5&start=%d&as_ylo=2018",Disability and Rehabilitation: Assistive Technology,False,,Amanda Simmons and Jillian McCarthy and Rebecca Koszalinski and Mark Hedrick and Kevin Reilly and Ellen Hamby
The training experiences of augmentative and alternative communication practitioners in one midwestern state,https://pubs.asha.org/doi/abs/10.1044/2019_PERS-19-00053,10.1044/2019_pers-19-00053,True,,2020,"https://scholar.google.com/scholar?hl=en&q=augmentative and alternative communication&as_vis=1&as_sdt=1,5&start=%d&as_ylo=2018",Perspectives of the {ASHA} Special Interest Groups,False,,Sarah N. Douglas and Patricia West and Rebecca Kammes
… and alternative communication: Research and technology development to enhance communication and participation for individuals with complex communication …,https://www.tandfonline.com/doi/abs/10.1080/07434618.2018.1556732,10.1080/07434618.2018.1556732,True,__and alternative communication_ Research and technology development to enhance communication and participation for individuals with complex communication__.pdf,2019,"https://scholar.google.com/scholar?hl=en&q=augmentative and alternative communication&as_vis=1&as_sdt=1,5&start=%d&as_ylo=2018",Augmentative and Alternative Communication,True,Scholar,Janice Light and David McNaughton and David Beukelman and Susan Koch Fager and Melanie Fried-Oken and Thomas Jakobs and Erik Jakobs
Augmentative and alternative communication improves quality of life in the early stages of amyotrophic lateral sclerosis,https://search.proquest.com/openview/a4cab68de6b1e3c08dbc082ad04e50e1/1?pq-origsite=gscholar&cbl=34390,,False,Augmentative and alternative communication improves quality of life in the early stages of amyotrophic lateral sclerosis.pdf,2019,"https://scholar.google.com/scholar?hl=en&q=augmentative and alternative communication&as_vis=1&as_sdt=1,5&start=%d&as_ylo=2018",,True,SciHub,
Integrating visual methods with dialogical interviews in research with youth who use augmentative and alternative communication,https://journals.sagepub.com/doi/pdf/10.1177/1609406917750945,10.1177/1609406917750945,True,,2018,"https://scholar.google.com/scholar?hl=en&q=augmentative and alternative communication&as_vis=1&as_sdt=1,5&start=%d&as_ylo=2018",International Journal of Qualitative Methods,False,,Gail Teachman and Barbara E. Gibson
Enhancing language in children who are deaf/hard-of-hearing using augmentative and alternative communication technology strategies,https://www.sciencedirect.com/science/article/pii/S0165587619302897,10.1016/j.ijporl.2019.06.015,True,,2019,"https://scholar.google.com/scholar?hl=en&q=augmentative and alternative communication&as_vis=1&as_sdt=1,5&start=%d&as_ylo=2018",International Journal of Pediatric Otorhinolaryngology,False,,Jareen Meinzen-Derr and Rose M. Sheldon and Seth Henry and Sandra M. Grether and Laura E. Smith and Lindsay Mays and Ilka Riddle and Mekibib Altaye and Susan Wiley
A context-aware augmentative and alternative communication system for school children with intellectual disabilities,https://ieeexplore.ieee.org/abstract/document/8708953/,10.1109/jsyst.2019.2911671,True,,2020,"https://scholar.google.com/scholar?hl=en&q=augmentative and alternative communication&as_vis=1&as_sdt=1,5&start=%d&as_ylo=2018",{IEEE} Systems Journal,False,,Rosanna Yuen-Yan Chan and Eri Sato-Shimokawara and Xue Bai and Motohashi Yukiharu and Sze-Wing Kuo and Anson Chung
A survey of American speech-language pathologists' perspectives on augmentative and alternative communication assessment and intervention across language …,https://pubs.asha.org/doi/abs/10.1044/2020_AJSLP-20-00224,10.1044/2020_ajslp-20-00224,True,,2021,"https://scholar.google.com/scholar?hl=en&q=augmentative and alternative communication&as_vis=1&as_sdt=1,5&start=%d&as_ylo=2018",American Journal of Speech-Language Pathology,False,,Thomas Kovacs
Collaboration between stakeholders involved in augmentative and alternative communication (AAC) care of people without natural speech,https://www.tandfonline.com/doi/abs/10.1080/13561820.2020.1860918,10.1080/13561820.2020.1860918,True,,2021,"https://scholar.google.com/scholar?hl=en&q=augmentative and alternative communication&as_vis=1&as_sdt=1,5&start=%d&as_ylo=2018",Journal of Interprofessional Care,False,,Sarah A. K. Uthoff and Anna Zinkevich and Jens Boenisch and Stefanie K. Sachse and Tobias Bernasconi and Lena Ansmann
… augmentative and alternative communication in poststroke aphasia: A review of the factors that contribute to successful augmentative and alternative communication …,https://pubs.asha.org/doi/abs/10.1044/2019_PERS-SIG2-2018-0016,10.1044/2019_pers-sig2-2018-0016,True,,2019,"https://scholar.google.com/scholar?hl=en&q=augmentative and alternative communication&as_vis=1&as_sdt=1,5&start=%d&as_ylo=2018",Perspectives of the {ASHA} Special Interest Groups,False,,Shannon Taylor and Sarah Jane Wallace and Sarah Elizabeth Wallace
Being heard–Supporting person‐centred communication in paediatric care using augmentative and alternative communication as universal design: A position paper,https://onlinelibrary.wiley.com/doi/abs/10.1111/nin.12426,10.1111/nin.12426,True,,2021,"https://scholar.google.com/scholar?hl=en&q=augmentative and alternative communication&as_vis=1&as_sdt=1,5&start=%d&as_ylo=2018",Nursing Inquiry,False,,Gunilla Thunberg and Ensa Johnson and Juan Bornman and Joakim Ã–hl{\'{e}}n and Stefan Nilsson
Evaluating the perspectives of those with severe physical impairments while learning BCI control of a commercial augmentative and alternative communication …,https://www.tandfonline.com/doi/abs/10.1080/10400435.2021.1949405,10.1080/10400435.2021.1949405,True,Evaluating the perspectives of those with severe physical impairments while learning BCI control of a commercial augmentative and alternative communication__.pdf,2021,"https://scholar.google.com/scholar?hl=en&q=augmentative and alternative communication&as_vis=1&as_sdt=1,5&start=%d&as_ylo=2018",Assistive Technology,True,Scholar,Kevin M. Pitt and Jonathan S. Brumberg
Augmentative and alternative communication use: family and professionals' perceptions of facilitators and barriers,https://www.scielo.br/j/codas/a/kXVpq9kCZq9W8N9B7jy4q3b/abstract/?lang=en,,False,Augmentative and alternative communication use_ family and professionals_ perceptions of facilitators and barriers.pdf,2018,"https://scholar.google.com/scholar?hl=en&q=augmentative and alternative communication&as_vis=1&as_sdt=1,5&start=%d&as_ylo=2018",,True,SciHub,N Romano;RYS Chun
Instruction using augmentative and alternative communication supports: Description of current practices by speech-language pathologists who work with children with …,https://pubs.asha.org/doi/abs/10.1044/2019_AJSLP-19-00045,10.1044/2019_ajslp-19-00045,True,,2020,"https://scholar.google.com/scholar?hl=en&q=augmentative and alternative communication&as_vis=1&as_sdt=1,5&start=%d&as_ylo=2018",American Journal of Speech-Language Pathology,False,,Kaitlyn A. Clarke and Diane L. Williams
The effects of augmentative and alternative communication interventions on the receptive language skills of children with developmental disabilities: A scoping review,https://www.tandfonline.com/doi/abs/10.1080/17549507.2020.1797165,10.1080/17549507.2020.1797165,True,The effects of augmentative and alternative communication interventions on the receptive language skills of children with developmental disabilities_ A scoping review.pdf,2020,"https://scholar.google.com/scholar?hl=en&q=augmentative and alternative communication&as_vis=1&as_sdt=1,5&start=%d&as_ylo=2018",International Journal of Speech-Language Pathology,True,Scholar,Shakila Dada and Cathy Flores and Kirsty Bastable and Ralf W. Schlosser
Use of augmentative and alternative communication by individuals with Rett syndrome part 1: Page-linking,https://link.springer.com/article/10.1007/s10882-023-09903-x,10.1007/s10882-023-09902-y,True,,2023,"https://scholar.google.com/scholar?hl=en&q=augmentative and alternative communication&as_vis=1&as_sdt=1,5&start=%d&as_ylo=2018",Journal of Developmental and Physical Disabilities,False,,Emily K. Unholz-Bowden and Shawn N. Girtler and Alefyah Shipchandler and Rebecca L. Kolb and Jennifer J. McComas
Tactile board: a multimodal augmentative and alternative communication device for individuals with Deafblindness,https://dl.acm.org/doi/abs/10.1145/3428361.3428465,10.1145/3428361.3428465,True,,2020,"https://scholar.google.com/scholar?hl=en&q=augmentative and alternative communication&as_vis=1&as_sdt=1,5&start=%d&as_ylo=2018",{ACM},False,,Arthur Theil and Lea Buchweitz and James Gay and Eva Lindell and Li Guo and Nils-Krister Persson and Oliver Korn
Augmentative and alternative communication intervention for people with Angelman syndrome: A systematic review,https://link.springer.com/article/10.1007/s40474-020-00187-w,10.1007/s40474-020-00187-w,True,,2020,"https://scholar.google.com/scholar?hl=en&q=augmentative and alternative communication&as_vis=1&as_sdt=1,5&start=%d&as_ylo=2018",Current Developmental Disorders Reports,False,,Laura Roche and Jeff Sigafoos and David Trembath
Comparative effects of picture symbol with paired text and text-only augmentative and alternative communication representations on communication from children with …,https://pubs.asha.org/doi/abs/10.1044/2020_AJSLP-20-00099,10.1044/2020_ajslp-20-00099,True,,2021,"https://scholar.google.com/scholar?hl=en&q=augmentative and alternative communication&as_vis=1&as_sdt=1,5&start=%d&as_ylo=2018",American Journal of Speech-Language Pathology,False,,Christine Holyfield
Framework for selecting vocabulary for preliterate children who use augmentative and alternative communication,https://pubs.asha.org/doi/abs/10.1044/2019_AJSLP-18-0041,10.1044/2019_ajslp-18-0041,True,,2019,"https://scholar.google.com/scholar?hl=en&q=augmentative and alternative communication&as_vis=1&as_sdt=1,5&start=%d&as_ylo=2018",American Journal of Speech-Language Pathology,False,,Allison Bean and Lindsey Paden Cargill and Samantha Lyle
Multicultural considerations in augmentative and alternative communication,https://www.tandfonline.com/doi/abs/10.1080/10400435.2022.2108931,10.1080/10400435.2022.2108931,True,,2022,"https://scholar.google.com/scholar?hl=en&q=augmentative and alternative communication&as_vis=1&as_sdt=1,5&start=%d&as_ylo=2018",Assistive Technology,False,,Bethany J. Frick and Allison F. Bean and Amy Miller Sonntag
Communicating to non-speaking critically ill patients: augmentative and alternative communication technique as an essential strategy,https://journals.sagepub.com/doi/pdf/10.1177/23779608211015234,10.1177/23779608211015234,True,,2021,"https://scholar.google.com/scholar?hl=en&q=augmentative and alternative communication&as_vis=1&as_sdt=1,5&start=%d&as_ylo=2018",{SAGE} Open Nursing,False,,"Asaad Nasser Salim Al-Yahyai, RN, BSN and Judie Arulappan, RN, RM, BSC (N), MSC (N), PhD (N), DNSc and Gerald Amandu Matua and Sultan Marhoon Al-Ghafri, RN, BSN and Sami Hamood Al-Sarakhi, RN, BSN and Khalid Khalfan Said Al-Rahbi, RN, BSN and Sathish Kumar Jayapal"
Teaching preschoolers with Down syndrome using augmentative and alternative communication modeling during small group dialogic reading,https://pubs.asha.org/doi/abs/10.1044/2019_AJSLP-19-0017,10.1044/2019_ajslp-19-0017,True,,2020,"https://scholar.google.com/scholar?hl=en&q=augmentative and alternative communication&as_vis=1&as_sdt=1,5&start=%d&as_ylo=2018",American Journal of Speech-Language Pathology,False,,Emily D. Quinn and Ann P. Kaiser and Jennifer R. Ledford
Barriers to and facilitators for the use of augmentative and alternative communication and voice restorative strategies for adults with an advanced airway in the …,https://www.sciencedirect.com/science/article/pii/S088394411931737X,10.1016/j.jcrc.2020.02.015,True,,2020,"https://scholar.google.com/scholar?hl=en&q=augmentative and alternative communication&as_vis=1&as_sdt=1,5&start=%d&as_ylo=2018",Journal of Critical Care,False,,Laura Istanboulian and Louise Rose and Franklin Gorospe and Yana Yunusova and Craig M. Dale
… training to improve service provider implementation of letter–sound correspondence instruction for individuals who use augmentative and alternative communication,https://pubs.asha.org/doi/abs/10.1044/2022_AJSLP-21-00142,10.1044/2022_ajslp-21-00142,True,,2022,"https://scholar.google.com/scholar?hl=en&q=augmentative and alternative communication&as_vis=1&as_sdt=1,5&start=%d&as_ylo=2018",American Journal of Speech-Language Pathology,False,,Jessica G. Caron and Meghan O{\textquotesingle}Brien and Rachel Weintraub
Considering augmentative and alternative communication research for brain-computer interface practice,https://www.ncbi.nlm.nih.gov/pmc/articles/PMC8442856/,,False,,2019,"https://scholar.google.com/scholar?hl=en&q=augmentative and alternative communication&as_vis=1&as_sdt=1,5&start=%d&as_ylo=2018",,False,,KM Pitt;JS Brumberg;AR Pitt
Dynamic Augmentative and Alternative Communication Displays for Individuals with Developmental Disabilities: a Review,https://link.springer.com/article/10.1007/s40474-022-00246-4,10.1007/s40474-022-00246-4,True,,2022,"https://scholar.google.com/scholar?hl=en&q=augmentative and alternative communication&as_vis=1&as_sdt=1,5&start=%d&as_ylo=2018",Current Developmental Disorders Reports,False,,Tiffany Chavers and Cissy Cheng and Rajinder Koul
Multilingualism and augmentative and alternative communication in South Africa–Exploring the views of persons with complex communication needs,https://journals.co.za/doi/abs/10.4102/ajod.v8i0.507,10.4102/ajod.v8i0.507,True,Multilingualism and augmentative and alternative communication in South Africa_Exploring the views of persons with complex communication needs.pdf,2019,"https://scholar.google.com/scholar?hl=en&q=augmentative and alternative communication&as_vis=1&as_sdt=1,5&start=%d&as_ylo=2018",African Journal of Disability,True,Scholar,Kerstin M. Tönsing and Karin Van Niekerk and Georg Schlünz and Ilana Wilken
School-based speech-language pathologists: Confidence in augmentative and alternative communication assessment,https://pubs.asha.org/doi/abs/10.1044/2020_LSHSS-20-00067,10.1080/07434618.2023.2208222,True,,2023,"https://scholar.google.com/scholar?hl=en&q=augmentative and alternative communication&as_vis=1&as_sdt=1,5&start=%d&as_ylo=2018",Augmentative and Alternative Communication,False,,Wansiya Kamonsitichai and Howard Goldstein
Parent perspectives on augmentative and alternative communication integration for children with Fragile X Syndrome: It starts in the home,https://meridian.allenpress.com/idd/article-abstract/58/5/409/445826,10.1352/1934-9556-58.5.409,True,,2020,"https://scholar.google.com/scholar?hl=en&q=augmentative and alternative communication&as_vis=1&as_sdt=1,5&start=%d&as_ylo=2018",Intellectual and Developmental Disabilities,False,,Michelle Schladant and Monica Dowling
Developing augmentative and alternative communication systems in languages other than English: a scoping review,https://pubs.asha.org/doi/abs/10.1044/2022_AJSLP-21-00396,10.1044/2022_ajslp-21-00396,True,,2022,"https://scholar.google.com/scholar?hl=en&q=augmentative and alternative communication&as_vis=1&as_sdt=1,5&start=%d&as_ylo=2018",American Journal of Speech-Language Pathology,False,,Rebecca Amery and Abirami Thirumanickam and Ruth Barker and Anne Lowell and Deborah Theodoros and Parimala Raghavendra
Barriers and facilitators of using augmentative and alternative communication with students with multiple disabilities in inclusive education: Special education teachers …,https://www.tandfonline.com/doi/abs/10.1080/13603116.2019.1597185,10.1080/13603116.2019.1597185,True,,2019,"https://scholar.google.com/scholar?hl=en&q=augmentative and alternative communication&as_vis=1&as_sdt=1,5&start=%d&as_ylo=2018",International Journal of Inclusive Education,False,,Rashed Aldabas
… science to support active collaboration in noninvasive brain–computer interface development and translation for augmentative and alternative communication,https://pubs.asha.org/doi/abs/10.1044/2021_AJSLP-21-00152,10.1044/2021_ajslp-21-00152,True,__science to support active collaboration in noninvasive brain_computer interface development and translation for augmentative and alternative communication.pdf,2022,"https://scholar.google.com/scholar?hl=en&q=augmentative and alternative communication&as_vis=1&as_sdt=1,5&start=%d&as_ylo=2018",American Journal of Speech-Language Pathology,True,Scholar,Kevin M. Pitt and Aimee Dietz
Augmentative and alternative communication telepractice during the COVID-19 pandemic: A national survey of speech-language pathologists,https://pubs.asha.org/doi/abs/10.1044/2021_AJSLP-21-00036,10.1044/2021_ajslp-21-00036,True,,2022,"https://scholar.google.com/scholar?hl=en&q=augmentative and alternative communication&as_vis=1&as_sdt=1,5&start=%d&as_ylo=2018",American Journal of Speech-Language Pathology,False,,Elizabeth E. Biggs and Michelle C. S. Therrien and Sarah N. Douglas and Melinda R. Snodgrass
“Everyone deserves AAC”: Preliminary study of the experiences of speaking autistic adults who use augmentative and alternative communication,https://pubs.asha.org/doi/abs/10.1044/2021_PERSP-20-00220,10.1044/2021_persp-20-00220,True,,2021,"https://scholar.google.com/scholar?hl=en&q=augmentative and alternative communication&as_vis=1&as_sdt=1,5&start=%d&as_ylo=2018",Perspectives of the {ASHA} Special Interest Groups,False,,Amy L. Donaldson and endever{\ast} corbin and Jamie McCoy
A systematic review of evidence-based instruction for individuals with autism using mobile augmentative and alternative communication technology,https://link.springer.com/article/10.1007/s40489-022-00334-6,10.1007/s40489-022-00334-6,True,,2022,"https://scholar.google.com/scholar?hl=en&q=augmentative and alternative communication&as_vis=1&as_sdt=1,5&start=%d&as_ylo=2018",Review Journal of Autism and Developmental Disorders,False,,Elizabeth R. Lorah and Christine Holyfield and Brenna Griffen and Nicolette Caldwell
ExHIBit: Breath-based augmentative and alternative communication solution using commercial RFID devices,https://www.sciencedirect.com/science/article/pii/S0020025522006600,10.1016/j.ins.2022.06.066,True,,2022,"https://scholar.google.com/scholar?hl=en&q=augmentative and alternative communication&as_vis=1&as_sdt=1,5&start=%d&as_ylo=2018",Information Sciences,False,,Qiang Wang and Jumin Zhao and Shuang Xu and Kenan Zhang and Dengao Li and Ruiqin Bai and Fayadh Alenezi
Reconnecting Indigenous language for a child using augmentative and alternative communication,https://pubs.asha.org/doi/abs/10.1044/2022_LSHSS-22-00113,10.1044/2022_lshss-22-00113,True,,2023,"https://scholar.google.com/scholar?hl=en&q=augmentative and alternative communication&as_vis=1&as_sdt=1,5&start=%d&as_ylo=2018","Language, Speech, and Hearing Services in Schools",False,,Janet Callahan and Elizabeth K. Hanson
Use of Augmentative and Alternative Communication by Individuals with Rett Syndrome Part 2: High-Tech and Low-Tech Modalities,https://link.springer.com/article/10.1007/s10882-023-09902-y,10.1007/s10882-023-09902-y,True,,2023,"https://scholar.google.com/scholar?hl=en&q=augmentative and alternative communication&as_vis=1&as_sdt=1,5&start=%d&as_ylo=2018",Journal of Developmental and Physical Disabilities,False,,Emily K. Unholz-Bowden and Shawn N. Girtler and Alefyah Shipchandler and Rebecca L. Kolb and Jennifer J. McComas
Foundational reading interventions adapted for individuals who require augmentative and alternative communication (AAC): A systematic review of the research,https://link.springer.com/article/10.1007/s10882-020-09767-5,10.1007/s10882-020-09767-5,True,,2020,"https://scholar.google.com/scholar?hl=en&q=augmentative and alternative communication&as_vis=1&as_sdt=1,5&start=%d&as_ylo=2018",Journal of Developmental and Physical Disabilities,False,,April M. Yorke and Jessica Gosnell Caron and Nina Pukys and Emily Sternad and Christina Grecol and Carley Shermak
"Preparedness, training, and support for augmentative and alternative communication telepractice during the COVID-19 pandemic",https://pubs.asha.org/doi/abs/10.1044/2021_LSHSS-21-00159,10.1044/2021_lshss-21-00159,True,,2022,"https://scholar.google.com/scholar?hl=en&q=augmentative and alternative communication&as_vis=1&as_sdt=1,5&start=%d&as_ylo=2018","Language, Speech, and Hearing Services in Schools",False,,Elizabeth E. Biggs and Elizabeth Burnett Rossi and Sarah N. Douglas and Michelle C. S. Therrien and Melinda R. Snodgrass
A simulation-based learning experience in augmentative and alternative communication using telepractice: speech pathology students' confidence and …,https://advancesinsimulation.biomedcentral.com/articles/10.1186/s41077-019-0113-x,10.1186/s41077-019-0113-x,True,,2019,"https://scholar.google.com/scholar?hl=en&q=augmentative and alternative communication&as_vis=1&as_sdt=1,5&start=%d&as_ylo=2018",Advances in Simulation,False,,Simone Howells and Elizabeth A. Cardell and Monique C. Waite and Andrea Bialocerkowski and Neil Tuttle
The use of augmentative and alternative communication in Cyprus: Findings from a preliminary survey,https://journals.sagepub.com/doi/pdf/10.1177/0265659018755523,10.1177/0265659018755523,True,,2018,"https://scholar.google.com/scholar?hl=en&q=augmentative and alternative communication&as_vis=1&as_sdt=1,5&start=%d&as_ylo=2018",Child Language Teaching and Therapy,False,,Eliada Pampoulou and Eleni Theodorou and Kakia Petinou
Evaluation of the effectiveness of a training programme for nurses regarding augmentative and alternative communication with intubated patients using Kirkpatrick's …,https://onlinelibrary.wiley.com/doi/abs/10.1002/nop2.1531,10.1002/nop2.1531,True,,2022,"https://scholar.google.com/scholar?hl=en&q=augmentative and alternative communication&as_vis=1&as_sdt=1,5&start=%d&as_ylo=2018",Nursing Open,False,,Marzieh Momennasab and Fatemeh Mohammadi and Fereshteh DehghanRad and Azita Jaberi
Judicious arrangement of symbols on a simulated augmentative and alternative communication display optimizes visual attention by individuals with Down syndrome,https://pubs.asha.org/doi/abs/10.1044/2021_JSLHR-21-00278,10.1044/2021_jslhr-21-00278,True,,2022,"https://scholar.google.com/scholar?hl=en&q=augmentative and alternative communication&as_vis=1&as_sdt=1,5&start=%d&as_ylo=2018","Journal of Speech, Language, and Hearing Research",False,,Krista M. Wilkinson and Rick Gilmore and Yiming Qian
Planning for implementation science in clinical practice research: An augmentative and alternative communication example,https://pubs.asha.org/doi/abs/10.1044/2021_AJSLP-21-00085,10.1044/2021_ajslp-21-00085,True,,2022,"https://scholar.google.com/scholar?hl=en&q=augmentative and alternative communication&as_vis=1&as_sdt=1,5&start=%d&as_ylo=2018",American Journal of Speech-Language Pathology,False,,Cathy Binger and Natalie Douglas and Jennifer Kent-Walsh
Using Twitter to access the human right of communication for people who use Augmentative and Alternative Communication (AAC),https://www.tandfonline.com/doi/abs/10.1080/17549507.2017.1413137,10.1080/17549507.2017.1413137,True,,2018,"https://scholar.google.com/scholar?hl=en&q=augmentative and alternative communication&as_vis=1&as_sdt=1,5&start=%d&as_ylo=2018",International Journal of Speech-Language Pathology,False,,Bronwyn Hemsley and Stuart Palmer and Stephen Dann and Susan Balandin
Preoperative augmentative and alternative communication enhancement in pediatric tracheostomy,https://onlinelibrary.wiley.com/doi/abs/10.1002/lary.28288,10.1002/lary.28288,True,Preoperative augmentative and alternative communication enhancement in pediatric tracheostomy.pdf,2019,"https://scholar.google.com/scholar?hl=en&q=augmentative and alternative communication&as_vis=1&as_sdt=1,5&start=%d&as_ylo=2018",The Laryngoscope,True,Scholar,Rachel Santiago and Michelle Howard and Natasha D. Dombrowski and Karen Watters and Mark S. Volk and Roger Nuss and John M. Costello and Reza Rahbar
“What have you been doing?”: Supporting displaced talk through augmentative and alternative communication video visual scene display technology,https://pubs.asha.org/doi/abs/10.1044/persp3.SIG12.123,10.1044/persp3.sig12.123,True,,2018,"https://scholar.google.com/scholar?hl=en&q=augmentative and alternative communication&as_vis=1&as_sdt=1,5&start=%d&as_ylo=2018",Perspectives of the {ASHA} Special Interest Groups,False,,Jessica Caron and Christine Holyfield and Janice Light and David McNaughton
A systematic review of research on augmentative and alternative communication interventions for children aged 6–10 in the last decade,https://pubs.asha.org/doi/abs/10.1044/2021_LSHSS-20-00005,10.1044/2022_lshss-21-00191,True,,2022,"https://scholar.google.com/scholar?hl=en&q=augmentative and alternative communication&as_vis=1&as_sdt=1,5&start=%d&as_ylo=2018","Language, Speech, and Hearing Services in Schools",False,,Oihana Leonet and Maria Orcasitas-Vicandi and Argia Langarika-Rocafort and Nahia Idoiaga Mondragon and Gorka Roman Etxebarrieta
"A systematic review of predictors, moderators, and mediators of augmentative and alternative communication (AAC) outcomes for children with autism spectrum …",https://www.tandfonline.com/doi/abs/10.1080/07434618.2018.1462849,10.1080/07434618.2018.1462849,True,,2018,"https://scholar.google.com/scholar?hl=en&q=augmentative and alternative communication&as_vis=1&as_sdt=1,5&start=%d&as_ylo=2018",Augmentative and Alternative Communication,False,,Stephanie B. Sievers and David Trembath and Marleen Westerveld
A systematic review of Functional Communication Training (FCT) interventions involving augmentative and alternative communication in school settings,https://www.tandfonline.com/doi/abs/10.1080/07434618.2018.1461240,10.1080/07434618.2018.1461240,True,,2018,"https://scholar.google.com/scholar?hl=en&q=augmentative and alternative communication&as_vis=1&as_sdt=1,5&start=%d&as_ylo=2018",Augmentative and Alternative Communication,False,,Virginia L. Walker and Kristin J. Lyon and Sheldon L. Loman and Samuel Sennott
Supporting Access to Mental Health Services for Patients Who Use Augmentative and Alternative Communication: A Proposed Framework and Suggestions for Future …,https://pubs.asha.org/doi/abs/10.1044/2022_AJSLP-22-00089,10.1044/2022_ajslp-22-00089,True,,2022,"https://scholar.google.com/scholar?hl=en&q=augmentative and alternative communication&as_vis=1&as_sdt=1,5&start=%d&as_ylo=2018",American Journal of Speech-Language Pathology,False,,Adrianna M. Noyes and Krista M. Wilkinson
Finding the best fit: examining the decision-making of augmentative and alternative communication professionals in the UK using a discrete choice experiment,https://bmjopen.bmj.com/content/9/11/e030274.abstract,10.1136/bmjopen-2019-030274,True,Finding the best fit_ examining the decision-making of augmentative and alternative communication professionals in the UK using a discrete choice experiment.pdf,2019,"https://scholar.google.com/scholar?hl=en&q=augmentative and alternative communication&as_vis=1&as_sdt=1,5&start=%d&as_ylo=2018",{BMJ} Open,True,Scholar,Edward J D Webb and Yvonne Lynch and David Meads and Simon Judge and Nicola Randall and Juliet Goldbart and Stuart Meredith and Liz Moulam and Stephane Hess and Janice Murray
Multilingualism and augmentative and alternative communication: Examining language ideology and resulting practices,https://www.tandfonline.com/doi/abs/10.1080/07434618.2020.1811761,10.1080/07434618.2020.1811761,True,Multilingualism and augmentative and alternative communication_ Examining language ideology and resulting practices.pdf,2020,"https://scholar.google.com/scholar?hl=en&q=augmentative and alternative communication&as_vis=1&as_sdt=1,5&start=%d&as_ylo=2018",Augmentative and Alternative Communication,True,Scholar,Kerstin Monika TÃ¶nsing and Gloria Soto
Key word signing: Parents' experiences of an unaided form of augmentative and alternative communication (Lámh),https://journals.sagepub.com/doi/pdf/10.1177/1744629518790825,10.1177/1744629518790825,True,,2018,"https://scholar.google.com/scholar?hl=en&q=augmentative and alternative communication&as_vis=1&as_sdt=1,5&start=%d&as_ylo=2018",Journal of Intellectual Disabilities,False,,Michele Glacken and Denise Healy and Ursula Gilrane and Siobhan Healy-Mc Gowan and Seamus Dolan and Dympna Walsh-Gallagher and Carmel Jennings
Augmentative and Alternative Communication in an Elementary School Setting: A Case Study,https://pubs.asha.org/doi/abs/10.1044/2021_LSHSS-21-00052,10.1044/2021_lshss-21-00052,True,,2022,"https://scholar.google.com/scholar?hl=en&q=augmentative and alternative communication&as_vis=1&as_sdt=1,5&start=%d&as_ylo=2018","Language, Speech, and Hearing Services in Schools",False,,Virginia L. Walker and Yun-Ching Chung
Creating a path for systematic investigation of children with cortical visual impairment who use augmentative and alternative communication,https://pubs.asha.org/doi/abs/10.1044/2021_AJSLP-20-00203,10.1044/2021_ajslp-20-00203,True,,2021,"https://scholar.google.com/scholar?hl=en&q=augmentative and alternative communication&as_vis=1&as_sdt=1,5&start=%d&as_ylo=2018",American Journal of Speech-Language Pathology,False,,Jamie B. Boster and John W. McCarthy and Kathryn Brown and Alyson M. Spitzley and Sarah W. Blackstone
Voices from the field: strategies for effective telepractice for children with autism who use augmentative and alternative communication,https://pubs.asha.org/doi/abs/10.1044/2021_PERSP-21-00229,10.1044/2021_persp-21-00229,True,,2022,"https://scholar.google.com/scholar?hl=en&q=augmentative and alternative communication&as_vis=1&as_sdt=1,5&start=%d&as_ylo=2018",Perspectives of the {ASHA} Special Interest Groups,False,,Elizabeth E. Biggs and Michelle C. S. Therrien and Melinda R. Snodgrass and Sarah N. Douglas
A qualitative evidence synthesis of the experiences and perspectives of communicating using augmentative and alternative communication (AAC),https://www.tandfonline.com/doi/abs/10.1080/17483107.2022.2105961,10.1080/17483107.2022.2105961,True,,2022,"https://scholar.google.com/scholar?hl=en&q=augmentative and alternative communication&as_vis=1&as_sdt=1,5&start=%d&as_ylo=2018",Disability and Rehabilitation: Assistive Technology,False,,Katherine Broomfield and Deborah Harrop and Georgina L. Jones and Karen Sage and Simon Judge
Evaluating person-centered factors associated with brain–computer interface access to a commercial augmentative and alternative communication paradigm,https://www.tandfonline.com/doi/abs/10.1080/10400435.2021.1872737,10.1080/10400435.2021.1872737,True,Evaluating person-centered factors associated with brain_computer interface access to a commercial augmentative and alternative communication paradigm.pdf,2021,"https://scholar.google.com/scholar?hl=en&q=augmentative and alternative communication&as_vis=1&as_sdt=1,5&start=%d&as_ylo=2018",Assistive Technology,True,Scholar,Kevin M. Pitt and Jonathan S. Brumberg
Eye tracking measures reveal how changes in the design of displays for augmentative and alternative communication influence visual search in individuals with Down …,https://pubs.asha.org/doi/abs/10.1044/2019_AJSLP-19-0006,10.1044/2019_ajslp-19-0006,True,,2019,"https://scholar.google.com/scholar?hl=en&q=augmentative and alternative communication&as_vis=1&as_sdt=1,5&start=%d&as_ylo=2018",American Journal of Speech-Language Pathology,False,,Krista M. Wilkinson and Marissa Madel
How are stakeholders with autism spectrum disorder included in the social validation of augmentative and alternative communication research? A scoping review,https://pubs.asha.org/doi/abs/10.1044/2020_AJSLP-20-00182,10.1044/2020_ajslp-20-00182,True,How are stakeholders with autism spectrum disorder included in the social validation of augmentative and alternative communication research_ A scoping review.pdf,2021,"https://scholar.google.com/scholar?hl=en&q=augmentative and alternative communication&as_vis=1&as_sdt=1,5&start=%d&as_ylo=2018",American Journal of Speech-Language Pathology,True,Scholar,Kirsty Bastable and Sandra Klopper and Alecia Samuels and Shakila Dada
Appraising the quality of tools used to record patient-reported outcomes in users of augmentative and alternative communication (AAC): a systematic review,https://link.springer.com/article/10.1007/s11136-019-02228-3,10.1007/s11136-019-02228-3,True,,2019,"https://scholar.google.com/scholar?hl=en&q=augmentative and alternative communication&as_vis=1&as_sdt=1,5&start=%d&as_ylo=2018",Quality of Life Research,False,,Katherine Broomfield and Deborah Harrop and Simon Judge and Georgina Jones and Karen Sage
Identity-focused practice in augmentative and alternative communication services: A framework to support the intersecting identities of individuals with severe …,https://pubs.asha.org/doi/abs/10.1044/2022_AJSLP-21-00397,10.1044/2022_ajslp-21-00397,True,,2022,"https://scholar.google.com/scholar?hl=en&q=augmentative and alternative communication&as_vis=1&as_sdt=1,5&start=%d&as_ylo=2018",American Journal of Speech-Language Pathology,False,,Mary Claire Wofford and Billy T. Ogletree and Thales De Nardo
Chinese-English speaking family perspectives of augmentative and alternative communication use with their children,https://www.sciencedirect.com/science/article/pii/S0021992423000151,10.1016/j.jcomdis.2023.106315,True,,2023,"https://scholar.google.com/scholar?hl=en&q=augmentative and alternative communication&as_vis=1&as_sdt=1,5&start=%d&as_ylo=2018",Journal of Communication Disorders,False,,Tiantian Sun and Ryan P. Bowles and Sarah N. Douglas
Naturalistic augmentative and alternative communication instruction for practitioners and individuals with autism,https://journals.sagepub.com/doi/pdf/10.1177/1053451219833012,10.1177/1053451219833012,True,,2019,"https://scholar.google.com/scholar?hl=en&q=augmentative and alternative communication&as_vis=1&as_sdt=1,5&start=%d&as_ylo=2018",Intervention in School and Clinic,False,,Jennifer B. Ganz and Ee Rea Hong and Elizabeth Leuthold and Valeria Yllades
Teleintervention for users of augmentative and alternative communication devices: A systematic review,https://onlinelibrary.wiley.com/doi/abs/10.1111/dmcn.15387,10.1111/dmcn.15387,True,,2022,"https://scholar.google.com/scholar?hl=en&q=augmentative and alternative communication&as_vis=1&as_sdt=1,5&start=%d&as_ylo=2018",Developmental Medicine {&}amp$mathsemicolon$ Child Neurology,False,,Saranda Bekteshi and Marco Konings and Petra Karlsson and Tamaya Van Criekinge and Bernard Dan and Elegast Monbaliu
"The relationship between operational competency, buy-in, and augmentative and alternative communication use in school-age children with autism",https://pubs.asha.org/doi/abs/10.1044/2018_AJSLP-17-0175,10.1044/2018_ajslp-17-0175,True,,2019,"https://scholar.google.com/scholar?hl=en&q=augmentative and alternative communication&as_vis=1&as_sdt=1,5&start=%d&as_ylo=2018",American Journal of Speech-Language Pathology,False,,Jenna DeCarlo and Allison Bean and Samantha Lyle and Lindsey Paden Miller Cargill
Transitioning from a low-to high-tech Augmentative and Alternative Communication (AAC) system: effects on augmented and vocal requesting,https://www.tandfonline.com/doi/abs/10.1080/07434618.2020.1813196,10.1080/07434618.2020.1813196,True,,2020,"https://scholar.google.com/scholar?hl=en&q=augmentative and alternative communication&as_vis=1&as_sdt=1,5&start=%d&as_ylo=2018",Augmentative and Alternative Communication,False,,Nouf M. Alzrayer
Tracking and classification of head movement for augmentative and alternative communication systems,https://www.mdpi.com/1424-8220/22/2/435,10.3390/s22020435,True,,2022,"https://scholar.google.com/scholar?hl=en&q=augmentative and alternative communication&as_vis=1&as_sdt=1,5&start=%d&as_ylo=2018",Sensors,False,,Carlos Wellington P. Gon{\c{c}}alves and Rog{\'{e}}rio A. Richa and Antonio P. L. Bo
Optimized and predictive phonemic interfaces for augmentative and alternative communication,https://pubs.asha.org/doi/abs/10.1044/2019_JSLHR-S-MSC18-18-0187,10.1044/2019_jslhr-s-msc18-18-0187,True,,2019,"https://scholar.google.com/scholar?hl=en&q=augmentative and alternative communication&as_vis=1&as_sdt=1,5&start=%d&as_ylo=2018","Journal of Speech, Language, and Hearing Research",False,,Gabriel J. Cler and Katharine R. Kolin and Jacob P. Noordzij and Jennifer M. Vojtech and Susan K. Fager and Cara E. Stepp
… Animation to Pictorial Symbols for Supporting P300–Brain–Computer Interface Access to Augmentative and Alternative Communication Devices by Children,https://www.tandfonline.com/doi/abs/10.1080/10447318.2022.2121566,10.1080/10447318.2022.2121566,True,,2022,"https://scholar.google.com/scholar?hl=en&q=augmentative and alternative communication&as_vis=1&as_sdt=1,5&start=%d&as_ylo=2018",International Journal of Human{textendash}Computer Interaction,False,,Kevin M. Pitt and Zachary J. Cole and Joshua Zosky
Narrative interventions for children who use augmentative and alternative communication: A call and plan for future research,https://pubs.asha.org/doi/abs/10.1044/2022_PERSP-22-00007,10.1044/2022_persp-22-00007,True,,2022,"https://scholar.google.com/scholar?hl=en&q=augmentative and alternative communication&as_vis=1&as_sdt=1,5&start=%d&as_ylo=2018",Perspectives of the {ASHA} Special Interest Groups,False,,Corinne Neal and Nancy Brady
… experts on factors impacting visual scene display complexity for augmentative and alternative communication and strategies for improving visual communication,https://pubs.asha.org/doi/abs/10.1044/2021_AJSLP-20-00350,10.1044/2021_ajslp-20-00350,True,__experts on factors impacting visual scene display complexity for augmentative and alternative communication and strategies for improving visual communication.pdf,2021,"https://scholar.google.com/scholar?hl=en&q=augmentative and alternative communication&as_vis=1&as_sdt=1,5&start=%d&as_ylo=2018",American Journal of Speech-Language Pathology,True,Scholar,Kevin M. Pitt and John W. McCarthy
Roles of Animation in Augmentative and Alternative Communication: a Scoping Review,https://link.springer.com/article/10.1007/s40474-022-00255-3,10.1007/s40474-022-00255-3,True,,2022,"https://scholar.google.com/scholar?hl=en&q=augmentative and alternative communication&as_vis=1&as_sdt=1,5&start=%d&as_ylo=2018",Current Developmental Disorders Reports,False,,Ralf W. Schlosser and Nicole Choe and Rajinder Koul and Howard C. Shane and Christina Yu and Mengxuan Wu
Challenges and opportunities in using augmentative and alternative communication (AAC) technologies: Design considerations for adults with severe disabilities,https://dl.acm.org/doi/abs/10.1145/3369457.3369473,10.1145/3369457.3369473,True,Challenges and opportunities in using augmentative and alternative communication _AAC_ technologies_ Design considerations for adults with severe disabilities.pdf,2019,"https://scholar.google.com/scholar?hl=en&q=augmentative and alternative communication&as_vis=1&as_sdt=1,5&start=%d&as_ylo=2018",{ACM},True,Scholar,Filip Bircanin and Bernd Ploderer and Laurianne Sitbon and Andrew A. Bayor and Margot Brereton
Effects of a literacy feature in an augmentative and alternative communication app on single-word reading of individuals with severe autism spectrum disorders,https://journals.sagepub.com/doi/pdf/10.1177/1540796921992123,10.1177/1540796921992123,True,,2021,"https://scholar.google.com/scholar?hl=en&q=augmentative and alternative communication&as_vis=1&as_sdt=1,5&start=%d&as_ylo=2018",Research and Practice for Persons with Severe Disabilities,False,,Jessica Caron and Janice Light and David McNaughton
Development of a new high sensitivity mechanical switch for augmentative and alternative communication access in people with amyotrophic lateral sclerosis,https://link.springer.com/article/10.1186/s12984-019-0626-5,10.1186/s12984-019-0626-5,True,,2019,"https://scholar.google.com/scholar?hl=en&q=augmentative and alternative communication&as_vis=1&as_sdt=1,5&start=%d&as_ylo=2018",Journal of {NeuroEngineering} and Rehabilitation,False,,M. Caligari and M. Godi and M. Giardini and R. Colombo
Augmentative and alternative communication for Aboriginal Australians: Developing core vocabulary for Yolŋu speakers,https://www.tandfonline.com/doi/abs/10.1080/07434618.2022.2128410,10.1080/07434618.2022.2128410,True,,2022,"https://scholar.google.com/scholar?hl=en&q=augmentative and alternative communication&as_vis=1&as_sdt=1,5&start=%d&as_ylo=2018",Augmentative and Alternative Communication,False,,Rebecca Amery and Julie Gungungbuy Wunungmurra and Parimala Raghavendra and Gurima{\ng}u Bukuá¸»atjpi and Rachel Dikul Baker and Farrah Gumbula and Ruth Barker and Deborah Theodoros and Howard Amery and Libby Massey and Anne Lowell
Determining a Zulu core vocabulary for children who use augmentative and alternative communication,https://www.tandfonline.com/doi/abs/10.1080/07434618.2019.1692902,10.1080/07434618.2019.1692902,True,Determining a Zulu core vocabulary for children who use augmentative and alternative communication.pdf,2019,"https://scholar.google.com/scholar?hl=en&q=augmentative and alternative communication&as_vis=1&as_sdt=1,5&start=%d&as_ylo=2018",Augmentative and Alternative Communication,True,Scholar,Jocelyn Mngomezulu and Kerstin M. TÃ¶nsing and Shakila Dada and Nomadlozi B. Bokaba
Malaysian teachers' experience using augmentative and alternative communication with students,https://www.tandfonline.com/doi/abs/10.1080/07434618.2020.1785547,10.1080/07434618.2020.1785547,True,,2020,"https://scholar.google.com/scholar?hl=en&q=augmentative and alternative communication&as_vis=1&as_sdt=1,5&start=%d&as_ylo=2018",Augmentative and Alternative Communication,False,,Susheel Joginder Singh and Zhi Zhi Diong and Rahayu Mustaffa Kamal
Physical education system and training framework based on human–computer interaction for augmentative and alternative communication,https://link.springer.com/article/10.1007/s10772-021-09942-9,10.1007/s10772-021-09942-9,True,,2022,"https://scholar.google.com/scholar?hl=en&q=augmentative and alternative communication&as_vis=1&as_sdt=1,5&start=%d&as_ylo=2018",International Journal of Speech Technology,False,,Hu wenjuan and R. Premalatha and R. S. Aiswarya
e-Pupil: IoT-based Augmentative and Alternative Communication device exploiting the pupillary near-reflex,https://ieeexplore.ieee.org/abstract/document/9984643/,10.1109/access.2022.3229143,True,,2022,"https://scholar.google.com/scholar?hl=en&q=augmentative and alternative communication&as_vis=1&as_sdt=1,5&start=%d&as_ylo=2018",{IEEE} Access,False,,Giovanni Chiarion and Francesco Ponzio and Stefano Terna and Cristina Moglia and Edoardo Patti and Santa Di Cataldo and Silvestro Roatta
Bridging the school and home divide for culturally and linguistically diverse families using augmentative and alternative communication systems,https://pubs.asha.org/doi/abs/10.1044/persp3.SIG12.154,10.1044/persp3.sig12.154,True,,2018,"https://scholar.google.com/scholar?hl=en&q=augmentative and alternative communication&as_vis=1&as_sdt=1,5&start=%d&as_ylo=2018",Perspectives of the {ASHA} Special Interest Groups,False,,Mollie Mindel and Jeeva John
The Flipped Classroom Model as Applied to an Augmentative and Alternative Communication Course.,https://eric.ed.gov/?id=EJ1349471,10.30707/tlcsd6.1.1649037808.641379,True,The Flipped Classroom Model as Applied to an Augmentative and Alternative Communication Course..pdf,2022,"https://scholar.google.com/scholar?hl=en&q=augmentative and alternative communication&as_vis=1&as_sdt=1,5&start=%d&as_ylo=2018",Teaching and Learning in Communication Sciences and Disorders,True,Scholar,EJ Sanders;LC Keegan;M Culshaw;C Tomes
Working with children with cortical visual impairment who use augmentative and alternative communication: implications for improving current practice,https://www.tandfonline.com/doi/abs/10.1080/07434618.2022.2085622,10.1080/07434618.2022.2085622,True,,2022,"https://scholar.google.com/scholar?hl=en&q=augmentative and alternative communication&as_vis=1&as_sdt=1,5&start=%d&as_ylo=2018",Augmentative and Alternative Communication,False,,Fei Luo and Sarah W. Blackstone and Jesse Canchola and Christine Roman-Lantzy
Parents' perspectives of an Australian augmentative and alternative communication service:“I clapped for my child”,https://www.tandfonline.com/doi/abs/10.1080/23297018.2020.1861552,10.1080/23297018.2020.1861552,True,,2021,"https://scholar.google.com/scholar?hl=en&q=augmentative and alternative communication&as_vis=1&as_sdt=1,5&start=%d&as_ylo=2018",Research and Practice in Intellectual and Developmental Disabilities,False,,Hilary Johnson and Marion Van Nierop and Teresa Iacono
A Guide to Incorporate Augmentative and Alternative Communication Into Functional Communication Training,https://journals.sagepub.com/doi/abs/10.1177/10534512221093785,10.1177/10534512221093785,True,,2022,"https://scholar.google.com/scholar?hl=en&q=augmentative and alternative communication&as_vis=1&as_sdt=1,5&start=%d&as_ylo=2018",Intervention in School and Clinic,False,,Ciara L. Ousley and Tracy J. Raulston
Exploring relationships between teacher training and support strategies for students utilizing augmentative and alternate communication,https://meridian.allenpress.com/jisne/article-abstract/22/1/25/180263,10.9782/16-00044,True,Exploring relationships between teacher training and support strategies for students utilizing augmentative and alternate communication.pdf,2019,"https://scholar.google.com/scholar?hl=en&q=augmentative and alternative communication&as_vis=1&as_sdt=1,5&start=%d&as_ylo=2018",Journal of International Special Needs Education,True,Scholar,Natalie R. Andzik and John M. Schaefer and Robert T. Nichols and Helen I. Cannella-Malone
Fostering communication about emotions: aided augmentative and alternative communication challenges and solutions,https://books.google.com/books?hl=en&lr=&id=NnwUEAAAQBAJ&oi=fnd&pg=PA313&dq=augmentative+and+alternative+communication&ots=F8ScrFc2me&sig=6Bye-tP8CEP4Z6F6KbVxcOs5-AI,,False,Fostering communication about emotions_ aided augmentative and alternative communication challenges and solutions.pdf,2021,"https://scholar.google.com/scholar?hl=en&q=augmentative and alternative communication&as_vis=1&as_sdt=1,5&start=%d&as_ylo=2018",,True,SciHub,
Effects of online training on educators' knowledge and use of system of least prompts to support augmentative and alternative communication,https://link.springer.com/article/10.1007/s10864-020-09374-6,10.1007/s10864-020-09374-6,True,,2020,"https://scholar.google.com/scholar?hl=en&q=augmentative and alternative communication&as_vis=1&as_sdt=1,5&start=%d&as_ylo=2018",Journal of Behavioral Education,False,,Ashley McCoy and David McNaughton
Augmentative and Alternative Communication on Autism Spectrum Disorder: Impacts on Communication,https://www.scielo.br/j/codas/a/QxhXpZ3jckz6K3dyCdbVhXq/abstract/?lang=en,,False,Augmentative and Alternative Communication on Autism Spectrum Disorder_ Impacts on Communication.pdf,2020,"https://scholar.google.com/scholar?hl=en&q=augmentative and alternative communication&as_vis=1&as_sdt=1,5&start=%d&as_ylo=2018",,True,Scholar,ET Pereira;ACA Montenegro;AGC Rosal;CCF Walter
Towards a methodology to support augmentative and alternative communication by means of personalized gestural interaction,https://dl.acm.org/doi/abs/10.1145/3274192.3274230,10.1145/3274192.3274230,True,,2018,"https://scholar.google.com/scholar?hl=en&q=augmentative and alternative communication&as_vis=1&as_sdt=1,5&start=%d&as_ylo=2018",{ACM},False,,R{\'{u}}bia E. O. Schultz Ascari and Roberto Pereira and Luciano Silva
"Designing augmentative and alternative communication systems with Aboriginal Australians: vocabulary representation, layout, and access",https://www.tandfonline.com/doi/abs/10.1080/07434618.2022.2129782,10.1080/07434618.2022.2129782,True,,2022,"https://scholar.google.com/scholar?hl=en&q=augmentative and alternative communication&as_vis=1&as_sdt=1,5&start=%d&as_ylo=2018",Augmentative and Alternative Communication,False,,Rebecca Amery and Julie Gungungbuy Wunungmurra and Gurima{\ng}u Bukuá¸»atjpi and Rachel Dikul Baker and Farrah Gumbula and Elah Yunupingu and Parimala Raghavendra and Ruth Barker and Deborah Theodoros and Howard Amery and Libby Massey and Anne Lowell
Preservice education in augmentative and alternative communication: An update,https://pubs.asha.org/doi/abs/10.1044/2020_PERSP-19-00154,10.1044/2020_persp-19-00154,True,Preservice education in augmentative and alternative communication_ An update.pdf,2020,"https://scholar.google.com/scholar?hl=en&q=augmentative and alternative communication&as_vis=1&as_sdt=1,5&start=%d&as_ylo=2018",Perspectives of the {ASHA} Special Interest Groups,True,Scholar,Katherine M. DeJarnette and Jane R. Wegner
The changing world of augmentative and alternative communication (AAC): Examining three realities faced by today's AAC provider,https://pubs.asha.org/doi/abs/10.1044/persp3.SIG12.113,10.1044/persp3.sig12.113,True,,2018,"https://scholar.google.com/scholar?hl=en&q=augmentative and alternative communication&as_vis=1&as_sdt=1,5&start=%d&as_ylo=2018",Perspectives of the {ASHA} Special Interest Groups,False,,Billy T. Ogletree and Summer McMurry and Megan Schmidt and Kaylan Evans
Augmentative and alternative communication course design and features: A survey of expert faculty and instructors,https://pubs.asha.org/doi/abs/10.1044/2021_AJSLP-20-00070,10.1044/2021_ajslp-20-00070,True,,2022,"https://scholar.google.com/scholar?hl=en&q=augmentative and alternative communication&as_vis=1&as_sdt=1,5&start=%d&as_ylo=2018",American Journal of Speech-Language Pathology,False,,Allison M. Sauerwein and Mackenzie M. Burris
Exploring augmentative and alternative communication use through collaborative planning and peer modelling: a descriptive case-study,https://www.tandfonline.com/doi/abs/10.1080/13603116.2020.1867383,10.1080/13603116.2020.1867383,True,,2021,"https://scholar.google.com/scholar?hl=en&q=augmentative and alternative communication&as_vis=1&as_sdt=1,5&start=%d&as_ylo=2018",International Journal of Inclusive Education,False,,Amy Young and Sally Clendon and Elizabeth Doell
Visual attention to cued targets in simulated aided augmentative and alternative communication displays for individuals with intellectual and developmental disabilities,https://pubs.asha.org/doi/abs/10.1044/2021_JSLHR-20-00451,10.1044/2021_jslhr-20-00451,True,,2021,"https://scholar.google.com/scholar?hl=en&q=augmentative and alternative communication&as_vis=1&as_sdt=1,5&start=%d&as_ylo=2018","Journal of Speech, Language, and Hearing Research",False,,Krista M. Wilkinson and Tara O{\textquotesingle}Neill Zimmerman and Janice Light
Language differentiation using augmentative and alternative communication: An investigation of Spanish–English bilingual children with and without language …,https://pubs.asha.org/doi/abs/10.1044/2020_AJSLP-20-00030,10.1044/2020_ajslp-20-00030,True,,2021,"https://scholar.google.com/scholar?hl=en&q=augmentative and alternative communication&as_vis=1&as_sdt=1,5&start=%d&as_ylo=2018",American Journal of Speech-Language Pathology,False,,Marika R. King and MaryAnn Romski and Rose A. Sevcik
A scoping review of augmentative and alternative communication (AAC) interventions in low-and middle-income countries (LMICs),https://www.tandfonline.com/doi/abs/10.1080/07434618.2022.2046854,10.1080/07434618.2022.2046854,True,,2022,"https://scholar.google.com/scholar?hl=en&q=augmentative and alternative communication&as_vis=1&as_sdt=1,5&start=%d&as_ylo=2018",Augmentative and Alternative Communication,False,,Nimisha Muttiah and Jessica Gormley and Kathryn D. R. Drager
Barriers to and facilitators for use of augmentative and alternative communication and voice restorative devices in the adult intensive care unit: a scoping …,https://systematicreviewsjournal.biomedcentral.com/articles/10.1186/s13643-019-1232-0,10.1016/j.jcrc.2020.02.015,True,,2020,"https://scholar.google.com/scholar?hl=en&q=augmentative and alternative communication&as_vis=1&as_sdt=1,5&start=%d&as_ylo=2018",Journal of Critical Care,False,,Laura Istanboulian and Louise Rose and Franklin Gorospe and Yana Yunusova and Craig M. Dale
An evaluation of augmentative and alternative communication research for ASD children in developing countries: Benefits and barriers,https://link.springer.com/chapter/10.1007/978-3-030-60703-6_7,10.1007/978-3-030-60703-6_7,True,,2020,"https://scholar.google.com/scholar?hl=en&q=augmentative and alternative communication&as_vis=1&as_sdt=1,5&start=%d&as_ylo=2018",Springer International Publishing,False,,Walia Farzana and Farhana Sarker and Quazi Delwar Hossain and Tom Chau and Khondaker A. Mamun
… and Determinant Variables of Augmentative and Alternative Communication Interventions in Cerebral Palsy Patients with Communication Deficit: a Systematic …,https://www.scielo.br/j/codas/a/syBhwBKMqhxngsQCMkSjzHj/?format=html&lang=en,10.1590/2317-1782/20202020244,True,,2021,"https://scholar.google.com/scholar?hl=en&q=augmentative and alternative communication&as_vis=1&as_sdt=1,5&start=%d&as_ylo=2018",{CoDAS},False,,Armenuhi Avagyan and Hasmik Mkrtchyan and Fatemeh Alsadat Shafa and Joan Alexandra Mathew and Tigran Petrosyan
Complex intervention in augmentative and alternative communication (AAC) care in Germany: a study protocol of an evaluation study with a controlled mixed-methods …,https://bmjopen.bmj.com/content/9/8/e029469.abstract,10.1136/bmjopen-2019-029469,True,Complex intervention in augmentative and alternative communication _AAC_ care in Germany_ a study protocol of an evaluation study with a controlled mixed-methods__.pdf,2019,"https://scholar.google.com/scholar?hl=en&q=augmentative and alternative communication&as_vis=1&as_sdt=1,5&start=%d&as_ylo=2018",{BMJ} Open,True,Scholar,Anna Zinkevich and Sarah Anna Katharina Uthoff and Jens Boenisch and Stefanie Kal{\'{e}}n Sachse and Tobias Bernasconi and Lena Ansmann
“Augmentative and alternative communication (AAC) will give you a voice”: Key practices in AAC assessment and intervention as described by persons with …,https://www.thieme-connect.com/products/ejournals/html/10.1055/s-0038-1669992,10.1055/s-0038-1669992,True,,2018,"https://scholar.google.com/scholar?hl=en&q=augmentative and alternative communication&as_vis=1&as_sdt=1,5&start=%d&as_ylo=2018",Seminars in Speech and Language,False,,Felicia Giambalvo and Kim Kohler and Godfrey Nazareth and Jessica Caron and Susan Fager and David McNaughton
Evaluation of an Ecological Interface Design–Driven Augmentative and Alternative Communication Interface,https://journals.sagepub.com/doi/pdf/10.1177/15553434221078215,10.1177/15553434221078215,True,,2022,"https://scholar.google.com/scholar?hl=en&q=augmentative and alternative communication&as_vis=1&as_sdt=1,5&start=%d&as_ylo=2018",Journal of Cognitive Engineering and Decision Making,False,,Kaela Shea and Olivier St-Cyr and Tom Chau
Strategies for highlighting items within visual scene displays to support augmentative and alternative communication access for those with physical impairments,https://www.tandfonline.com/doi/abs/10.1080/17483107.2021.2003455,10.1080/17483107.2021.2003455,True,Strategies for highlighting items within visual scene displays to support augmentative and alternative communication access for those with physical impairments.pdf,2021,"https://scholar.google.com/scholar?hl=en&q=augmentative and alternative communication&as_vis=1&as_sdt=1,5&start=%d&as_ylo=2018",Disability and Rehabilitation: Assistive Technology,True,Scholar,Kevin M. Pitt and John. W. McCarthy
Professional Networks of Special Educators and Speech-Language Pathologists Working With Students Who Use Augmentative and Alternative Communication,https://journals.sagepub.com/doi/abs/10.1177/07419325221128497,10.1177/07419325221128497,True,,2022,"https://scholar.google.com/scholar?hl=en&q=augmentative and alternative communication&as_vis=1&as_sdt=1,5&start=%d&as_ylo=2018",Remedial and Special Education,False,,Elizabeth E. Biggs and Jennifer L. Bumble and Rebecca E. Hacker
Dynamic assessment of augmentative and alternative communication application grid formats and communicative targets for children with autism spectrum disorder,https://www.tandfonline.com/doi/abs/10.1080/07434618.2020.1845236,10.1080/07434618.2020.1845236,True,,2020,"https://scholar.google.com/scholar?hl=en&q=augmentative and alternative communication&as_vis=1&as_sdt=1,5&start=%d&as_ylo=2018",Augmentative and Alternative Communication,False,,Cindy Gevarter and Mariah Groll and Erin Stone
Demands associated with an augmentative and alternative communication system in relation to alternative forms of access for individuals with motor impairments,https://pubs.asha.org/doi/abs/10.1044/2022_AJSLP-22-00006,10.1044/2022_ajslp-22-00006,True,,2023,"https://scholar.google.com/scholar?hl=en&q=augmentative and alternative communication&as_vis=1&as_sdt=1,5&start=%d&as_ylo=2018",American Journal of Speech-Language Pathology,False,,Dawn J. Sowers and Krista M. Wilkinson
Siblings Supporting the Social Interactions of Children Who Use Augmentative and Alternative Communication,https://pubs.asha.org/doi/abs/10.1044/2022_AJSLP-22-00072,10.1044/2022_ajslp-22-00072,True,,2023,"https://scholar.google.com/scholar?hl=en&q=augmentative and alternative communication&as_vis=1&as_sdt=1,5&start=%d&as_ylo=2018",American Journal of Speech-Language Pathology,False,,Rebecca E. Hacker and Hedda Meadan and Adriana Kaori Terol
Constructing and navigating cultural borderlands using augmentative and alternative communication,https://www.ingentaconnect.com/content/wk/tld/2018/00000038/00000002/art00003,10.1097/tld.0000000000000148,True,Constructing and navigating cultural borderlands using augmentative and alternative communication.pdf,2018,"https://scholar.google.com/scholar?hl=en&q=augmentative and alternative communication&as_vis=1&as_sdt=1,5&start=%d&as_ylo=2018",Topics in Language Disorders,True,Scholar,Martine M. Smith
Evaluating Augmentative and Alternative Communication Modalities for Individuals With Developmental Disabilities: a Brief Review of the Last 5 Years,https://link.springer.com/article/10.1007/s40474-021-00226-0,10.1007/s40474-022-00246-4,True,,2022,"https://scholar.google.com/scholar?hl=en&q=augmentative and alternative communication&as_vis=1&as_sdt=1,5&start=%d&as_ylo=2018",Current Developmental Disorders Reports,False,,Tiffany Chavers and Cissy Cheng and Rajinder Koul
Gaze toward naturalistic social scenes by individuals with intellectual and developmental disabilities: Implications for augmentative and alternative communication …,https://pubs.asha.org/doi/abs/10.1044/2018_JSLHR-L-17-0331,10.1044/2018_jslhr-l-17-0331,True,,2018,"https://scholar.google.com/scholar?hl=en&q=augmentative and alternative communication&as_vis=1&as_sdt=1,5&start=%d&as_ylo=2018","Journal of Speech, Language, and Hearing Research",False,,Jiali Liang and Krista Wilkinson
Bilingualism and autism: A summary of current research and implications for augmentative and alternative communication practitioners,https://pubs.asha.org/doi/abs/10.1044/persp3.SIG12.146,10.1044/persp3.sig12.146,True,,2018,"https://scholar.google.com/scholar?hl=en&q=augmentative and alternative communication&as_vis=1&as_sdt=1,5&start=%d&as_ylo=2018",Perspectives of the {ASHA} Special Interest Groups,False,,Betty Yu
Mobile interaction for augmentative and alternative communication: a systematic mapping,https://sol.sbc.org.br/journals/index.php/jis/article/view/704,10.5753/jis.2018.704,True,Mobile interaction for augmentative and alternative communication_ a systematic mapping.pdf,2018,"https://scholar.google.com/scholar?hl=en&q=augmentative and alternative communication&as_vis=1&as_sdt=1,5&start=%d&as_ylo=2018",Journal on Interactive Systems,True,Scholar,R{\'{u}}bia Eliza de Oliveira Schultz Ascari and Roberto Pereira and Luciano Silva
Friendship experiences of young adults who use augmentative and alternative communication,https://www.tandfonline.com/doi/abs/10.1080/1034912X.2020.1746246,10.1080/1034912x.2020.1746246,True,Friendship experiences of young adults who use augmentative and alternative communication.pdf,2020,"https://scholar.google.com/scholar?hl=en&q=augmentative and alternative communication&as_vis=1&as_sdt=1,5&start=%d&as_ylo=2018","International Journal of Disability, Development and Education",True,Scholar,Shakila Dada and Kerstin Tonsing and Juliet Goldbart
Communication vulnerability in South African health care: The role of augmentative and alternative communication,https://journals.co.za/doi/pdf/10.10520/ejc-healthr-v2020-n1-a14,,False,Communication vulnerability in South African health care_ The role of augmentative and alternative communication.pdf,2020,"https://scholar.google.com/scholar?hl=en&q=augmentative and alternative communication&as_vis=1&as_sdt=1,5&start=%d&as_ylo=2018",,True,SciHub,K Bastable;S Dada
Prioritization of patients access to outpatient augmentative and alternative communication services in Quebec: A decision tool,https://www.tandfonline.com/doi/abs/10.1080/17483107.2020.1751314,10.1080/17483107.2020.1751314,True,,2020,"https://scholar.google.com/scholar?hl=en&q=augmentative and alternative communication&as_vis=1&as_sdt=1,5&start=%d&as_ylo=2018",Disability and Rehabilitation: Assistive Technology,False,,Samira Abbasgholizadeh Rahimi and Julien Dery and Marie-Eve Lamontagne and Afshin Jamshidi and Emilie Lacroix and Angel Ruiz and Daoud Ait-Kadi and Fran{\c{c}}ois Routhier
A Scoping Review of Research Evaluating Physiological Information for Individuals With Developmental Disabilities: Augmentative and Alternative Communication …,https://pubs.asha.org/doi/abs/10.1044/2022_JSLHR-22-00087,10.1044/2022_jslhr-22-00087,True,,2022,"https://scholar.google.com/scholar?hl=en&q=augmentative and alternative communication&as_vis=1&as_sdt=1,5&start=%d&as_ylo=2018","Journal of Speech, Language, and Hearing Research",False,,Christine Holyfield and Tara O{\textquotesingle}Neill Zimmerman
The use of augmentative and alternative communication by children with developmental disability in the classroom: a case study,https://www.tandfonline.com/doi/abs/10.1080/17483107.2023.2196305,10.1080/17483107.2023.2196305,True,,2023,"https://scholar.google.com/scholar?hl=en&q=augmentative and alternative communication&as_vis=1&as_sdt=1,5&start=%d&as_ylo=2018",Disability and Rehabilitation: Assistive Technology,False,,Susheel Joginder Singh and Zhu Li Loo
A screening protocol incorporating brain-computer interface feature matching considerations for augmentative and alternative communication,https://www.tandfonline.com/doi/abs/10.1080/10400435.2018.1512175,10.1080/10400435.2018.1512175,True,A screening protocol incorporating brain-computer interface feature matching considerations for augmentative and alternative communication.pdf,2018,"https://scholar.google.com/scholar?hl=en&q=augmentative and alternative communication&as_vis=1&as_sdt=1,5&start=%d&as_ylo=2018",Assistive Technology,True,Scholar,Kevin Pitt and Jonathan Brumberg
Exploring high-technology augmentative and alternative communication interfaces: the effect of age and technology experience,https://www.tandfonline.com/doi/abs/10.1080/17483107.2022.2087771,10.1080/17483107.2022.2087771,True,,2022,"https://scholar.google.com/scholar?hl=en&q=augmentative and alternative communication&as_vis=1&as_sdt=1,5&start=%d&as_ylo=2018",Disability and Rehabilitation: Assistive Technology,False,,Surani G. Nakkawita and Daphne U. Hartzheim and Neila J. Donovan
Individuals who use augmentative and alternative communication and participate in active recreation: Perspectives from adults with developmental disabilities and …,https://pubs.asha.org/doi/abs/10.1044/2021_AJSLP-21-00179,10.1044/2021_ajslp-21-00179,True,,2022,"https://scholar.google.com/scholar?hl=en&q=augmentative and alternative communication&as_vis=1&as_sdt=1,5&start=%d&as_ylo=2018",American Journal of Speech-Language Pathology,False,,David J. Hajjar and John W. McCarthy
A semantic grammar for augmentative and alternative communication systems,https://link.springer.com/chapter/10.1007/978-3-030-58323-1_28,10.1007/978-3-030-58323-1_28,True,,2020,"https://scholar.google.com/scholar?hl=en&q=augmentative and alternative communication&as_vis=1&as_sdt=1,5&start=%d&as_ylo=2018",Springer International Publishing,False,,Jayr Pereira and Nat{\'{a}}lia Franco and Robson Fidalgo
Coaching paraeducators to implement functional communication training involving augmentative and alternative communication for students with autism spectrum …,https://www.tandfonline.com/doi/abs/10.1080/07434618.2021.1909650,10.1080/07434618.2021.1909650,True,,2021,"https://scholar.google.com/scholar?hl=en&q=augmentative and alternative communication&as_vis=1&as_sdt=1,5&start=%d&as_ylo=2018",Augmentative and Alternative Communication,False,,Virginia L. Walker and Megan E. Carpenter and Kristin J. Lyon and Michelle Garcia and Holly Johnson
Interprofessional Practitioners' Opinions on Features and Services for an Augmentative and Alternative Communication Brain‐Computer Interface Device,https://onlinelibrary.wiley.com/doi/abs/10.1002/pmrj.12525,10.1002/pmrj.12525,True,Interprofessional Practitioners_ Opinions on Features and Services for an Augmentative and Alternative Communication Brain_Computer Interface Device.pdf,2021,"https://scholar.google.com/scholar?hl=en&q=augmentative and alternative communication&as_vis=1&as_sdt=1,5&start=%d&as_ylo=2018",{PM}{&}amp$mathsemicolon$R,True,Scholar,Katya Hill and Jane Huggins and Chelsea Woodworth
Effect of Video Augmentative and Alternative Communication Technology on Communication During Play With Peers for Children With Autism Spectrum Disorder,https://pubs.asha.org/doi/abs/10.1044/2022_LSHSS-21-00136,10.1044/2022_lshss-21-00136,True,,2022,"https://scholar.google.com/scholar?hl=en&q=augmentative and alternative communication&as_vis=1&as_sdt=1,5&start=%d&as_ylo=2018","Language, Speech, and Hearing Services in Schools",False,,Emily Laubscher and Allison Barwise and Janice Light
… of gaze patterns of an individual with cortical visual impairment to stimuli of varying complexity: Implications for augmentative and alternative communication design,https://pubs.asha.org/doi/abs/10.1044/2021_PERSP-21-00111,10.1044/2021_persp-21-00111,True,,2021,"https://scholar.google.com/scholar?hl=en&q=augmentative and alternative communication&as_vis=1&as_sdt=1,5&start=%d&as_ylo=2018",Perspectives of the {ASHA} Special Interest Groups,False,,Krista M. Wilkinson and Sophie J. Wolf
Speech-language pathologists' practices in augmentative and alternative communication during early intervention,https://www.tandfonline.com/doi/abs/10.1080/07434618.2022.2046853,10.1080/07434618.2023.2208222,True,,2023,"https://scholar.google.com/scholar?hl=en&q=augmentative and alternative communication&as_vis=1&as_sdt=1,5&start=%d&as_ylo=2018",Augmentative and Alternative Communication,False,,Wansiya Kamonsitichai and Howard Goldstein
Augmentative and alternative communication for adults with complex communication needs: a review of single-case research,https://journals.sagepub.com/doi/pdf/10.1177/1525740121991478,10.1177/1525740121991478,True,,2021,"https://scholar.google.com/scholar?hl=en&q=augmentative and alternative communication&as_vis=1&as_sdt=1,5&start=%d&as_ylo=2018",Communication Disorders Quarterly,False,,Natalie R. Andzik and Yun-Ching Chung
Parents' perception on the use of augmentative and alternative communication by children with complex communication needs in Malaysia,https://www.tandfonline.com/doi/abs/10.1080/17483107.2022.2140850,10.1080/17483107.2022.2140850,True,,2022,"https://scholar.google.com/scholar?hl=en&q=augmentative and alternative communication&as_vis=1&as_sdt=1,5&start=%d&as_ylo=2018",Disability and Rehabilitation: Assistive Technology,False,,Susheel Joginder Singh and Norayzuazwin Mohd Ayob and Fatimah Hani Hassan
"Augmentative and alternative communication intervention for in-patient individuals with post-stroke aphasia: study protocol of a parallel-group, pragmatic …",https://trialsjournal.biomedcentral.com/articles/10.1186/s13063-021-05799-0,10.21203/rs.3.rs-354904/v1,True,,2021,"https://scholar.google.com/scholar?hl=en&q=augmentative and alternative communication&as_vis=1&as_sdt=1,5&start=%d&as_ylo=2018",Research Square Platform {LLC},False,,Li Huang and Szu-Han Kay Chen and Shutian Xu and Yongli Wang and Xing Jin and Ping Wan and Jikang Sun and Jiming Tao and Sicong Zhang and Guohui Zhang and Chunlei Shan
Prompting for repair as a language teaching strategy for augmentative and alternative communication,https://www.tandfonline.com/doi/abs/10.1080/07434618.2021.1979648,10.1080/07434618.2021.1979648,True,,2021,"https://scholar.google.com/scholar?hl=en&q=augmentative and alternative communication&as_vis=1&as_sdt=1,5&start=%d&as_ylo=2018",Augmentative and Alternative Communication,False,,Brittney Cooper and Gloria Soto and Michael T. Clarke
Toward greater involvement of youth with complex communication needs in the selection of augmentative and alternative communication devices,https://www.tandfonline.com/doi/shareview/10.1080/17483107.2018.1534997,10.1080/17483107.2018.1534997,True,,2019,"https://scholar.google.com/scholar?hl=en&q=augmentative and alternative communication&as_vis=1&as_sdt=1,5&start=%d&as_ylo=2018",Disability and Rehabilitation: Assistive Technology,False,,Christina Swett and Holly Surins and Christopher Welton and Tracy A. Shepherd and Anne Marie Renzoni and Stephen E. Ryan
Interrogating inclusion with youths who use augmentative and alternative communication,https://onlinelibrary.wiley.com/doi/abs/10.1111/1467-9566.13087,10.1111/1467-9566.13087,True,,2020,"https://scholar.google.com/scholar?hl=en&q=augmentative and alternative communication&as_vis=1&as_sdt=1,5&start=%d&as_ylo=2018",Sociology of Health {&}amp$mathsemicolon$ Illness,False,,Gail Teachman and Peggy McDonough and Colin Macarthur and Barbara E. Gibson
Augmentative and Alternative Communication Supports for Language and Literacy in Preschool: Considerations for Down Syndrome and Autism Spectrum Disorder,https://www.thieme-connect.com/products/ejournals/html/10.1055/s-0041-1730996,10.1055/s-0041-1730996,True,,2021,"https://scholar.google.com/scholar?hl=en&q=augmentative and alternative communication&as_vis=1&as_sdt=1,5&start=%d&as_ylo=2018",Seminars in Speech and Language,False,,Andrea Barton-Hulsey and Sarah Phinney and Sara Collins
Consistent symbol location affects motor learning in preschoolers without disabilities: Implications for designing augmentative and alternative communication displays,https://pubs.asha.org/doi/abs/10.1044/2018_AJSLP-17-0129,10.1044/2018_ajslp-17-0129,True,,2018,"https://scholar.google.com/scholar?hl=en&q=augmentative and alternative communication&as_vis=1&as_sdt=1,5&start=%d&as_ylo=2018",American Journal of Speech-Language Pathology,False,,Jennifer J. Thistle and Stephanie A. Holmes and Madeline M. Horn and Alyson M. Reum
Augmentative and alternative communication (AAC) for nursing students; equipping the next generation of nursing professionals,https://www.sciencedirect.com/science/article/pii/S0260691722003987,10.1016/j.nedt.2022.105662,True,,2023,"https://scholar.google.com/scholar?hl=en&q=augmentative and alternative communication&as_vis=1&as_sdt=1,5&start=%d&as_ylo=2018",Nurse Education Today,False,,Faith Woodring and Mary Towle Harmon
"Augmentative and alternative communication in the Philippines: A survey of speech-language pathologist competence, training, and practice",https://www.tandfonline.com/doi/abs/10.1080/07434618.2019.1576223,10.1080/07434618.2019.1576223,True,,2019,"https://scholar.google.com/scholar?hl=en&q=augmentative and alternative communication&as_vis=1&as_sdt=1,5&start=%d&as_ylo=2018",Augmentative and Alternative Communication,False,,Ellyn Cassey K. Chua and Edward James R. Gorgon
An mHealth platform for supporting clinical data integration into augmentative and alternative communication service delivery: user-centered design and …,https://rehab.jmir.org/2018/2/e14,10.2196/rehab.9009,True,,2018,"https://scholar.google.com/scholar?hl=en&q=augmentative and alternative communication&as_vis=1&as_sdt=1,5&start=%d&as_ylo=2018",{JMIR} Rehabilitation and Assistive Technologies,False,,Erh-Hsuan Wang and Leming Zhou and Szu-Han Kay Chen and Katya Hill and Bambang Parmanto
Black Children With Developmental Disabilities Receive Less Augmentative and Alternative Communication Intervention Than Their White Peers: Preliminary …,https://pubs.asha.org/doi/abs/10.1044/2022_AJSLP-22-00079,10.1044/2022_ajslp-22-00079,True,,2022,"https://scholar.google.com/scholar?hl=en&q=augmentative and alternative communication&as_vis=1&as_sdt=1,5&start=%d&as_ylo=2018",American Journal of Speech-Language Pathology,False,,Lauramarie Pope and Janice Light and Amber Franklin
… ”: Goal progress and perceptions following an e-mentoring social media intervention for young people who use augmentative and alternative communication,https://www.sciencedirect.com/science/article/pii/S002199242300028X,10.1016/j.jcomdis.2023.106328,True,,2023,"https://scholar.google.com/scholar?hl=en&q=augmentative and alternative communication&as_vis=1&as_sdt=1,5&start=%d&as_ylo=2018",Journal of Communication Disorders,False,,Emma Grace and Jessica Shipman and Parimala Raghavendra and Julie M. McMillan
A recent survey of augmentative and alternative communication use and service delivery experiences of people with amyotrophic lateral sclerosis in the United States,https://www.tandfonline.com/doi/abs/10.1080/17483107.2022.2149866,10.1080/17483107.2022.2149866,True,A recent survey of augmentative and alternative communication use and service delivery experiences of people with amyotrophic lateral sclerosis in the United States.pdf,2022,"https://scholar.google.com/scholar?hl=en&q=augmentative and alternative communication&as_vis=1&as_sdt=1,5&start=%d&as_ylo=2018",Disability and Rehabilitation: Assistive Technology,True,Scholar,Betts Peters and Kerth O'Brien and Melanie Fried-Oken
Profiles of Children With Cortical Visual Impairment Who Use Augmentative and Alternative Communication: A Retrospective Examination,https://pubs.asha.org/doi/abs/10.1044/2022_AJSLP-22-00130,10.1044/2022_ajslp-22-00130,True,,2022,"https://scholar.google.com/scholar?hl=en&q=augmentative and alternative communication&as_vis=1&as_sdt=1,5&start=%d&as_ylo=2018",American Journal of Speech-Language Pathology,False,,Sarah Blackstone and Fei Luo and R. Michael Barker and Rose A. Sevcik and MaryAnn Romski and Vicki Casella and Christine Roman-Lantzy
Augmentative and Alternative Communication and Friendships: Considerations for Speech-Language Pathologists,https://pubs.asha.org/doi/abs/10.1044/2022_PERSP-22-00105,10.1044/2022_persp-22-00105,True,,2023,"https://scholar.google.com/scholar?hl=en&q=augmentative and alternative communication&as_vis=1&as_sdt=1,5&start=%d&as_ylo=2018",Perspectives of the {ASHA} Special Interest Groups,False,,Michelle Therrien and Zach Rossetti and J{\o}rn {\O}stvik
A comparison of single-case evaluation tools applied to functional communication training with augmentative and alternative communication supports for students with …,https://www.sciencedirect.com/science/article/pii/S0891422220302353,10.1016/j.ridd.2020.103803,True,,2020,"https://scholar.google.com/scholar?hl=en&q=augmentative and alternative communication&as_vis=1&as_sdt=1,5&start=%d&as_ylo=2018",Research in Developmental Disabilities,False,,Ciara L. Ousley and Tracy J. Raulston and Emily V. Gregori and David McNaughton and Naima Bhana and Theoni Mantzoros
Augmentative and alternative communication tools for mechanically ventilated patients in intensive care units: A scoping review,https://www.sciencedirect.com/science/article/pii/S1036731422002557,10.1016/j.aucc.2022.12.009,True,,2023,"https://scholar.google.com/scholar?hl=en&q=augmentative and alternative communication&as_vis=1&as_sdt=1,5&start=%d&as_ylo=2018",Australian Critical Care,False,,Nipuna R. Kuruppu and Wendy Chaboyer and Anuja Abayadeera and Kristen Ranse
New and emerging AAC technology supports for children with complex communication needs and their communication partners: State of the science and future …,https://www.tandfonline.com/doi/abs/10.1080/07434618.2018.1557251,10.1080/07434618.2018.1557251,True,New and emerging AAC technology supports for children with complex communication needs and their communication partners_ State of the science and future__.pdf,2019,"https://scholar.google.com/scholar?hl=en&q=augmentative and alternative communication&as_vis=1&as_sdt=1,5&start=%d&as_ylo=2018",Augmentative and Alternative Communication,True,Scholar,Janice Light and David McNaughton and Jessica Caron
Cognitive assessments among children with cerebral palsy in Sweden and the use of augmentative and alternative communication and interpreters: a cross-sectional …,https://www.tandfonline.com/doi/abs/10.1080/09638288.2022.2138571,10.1080/09638288.2022.2138571,True,,2022,"https://scholar.google.com/scholar?hl=en&q=augmentative and alternative communication&as_vis=1&as_sdt=1,5&start=%d&as_ylo=2018",Disability and Rehabilitation,False,,Elisabeth O'Regan and Kristine Stadskleiv and Tomasz Czuba and Ann I. Alriksson-Schmidt
"Augmentative and alternative communication services during the COVID-19 pandemic: impact on children, their families and service providers",https://www.tandfonline.com/doi/abs/10.1080/07434618.2022.2135136,10.1080/07434618.2022.2135136,True,,2022,"https://scholar.google.com/scholar?hl=en&q=augmentative and alternative communication&as_vis=1&as_sdt=1,5&start=%d&as_ylo=2018",Augmentative and Alternative Communication,False,,Michelle C. S. Therrien and Elizabeth E. Biggs and Andrea Barton-Hulsey and Sara C. Collins and Mollie Romano
Augmentative and alternative communication in ventilated patients: a scoping review,https://www.scielo.br/j/reben/a/YNFtfvQH84GXCxXxKQ5rYmj/?lang=en&format=html,10.1016/j.aucc.2022.12.009,True,,2023,"https://scholar.google.com/scholar?hl=en&q=augmentative and alternative communication&as_vis=1&as_sdt=1,5&start=%d&as_ylo=2018",Australian Critical Care,False,,Nipuna R. Kuruppu and Wendy Chaboyer and Anuja Abayadeera and Kristen Ranse
Barriers and facilitators to accommodations in the workplace for adults who use augmentative and alternative communication (AAC): a systematic review,https://www.tandfonline.com/doi/abs/10.1080/07434618.2023.2170277,10.1080/07434618.2023.2170277,True,,2023,"https://scholar.google.com/scholar?hl=en&q=augmentative and alternative communication&as_vis=1&as_sdt=1,5&start=%d&as_ylo=2018",Augmentative and Alternative Communication,False,,Stephanie Lackey and Glenda Watson Hyatt and Beata Batorowicz and Sydney van Engelen and Shuangxi Li and Shane Pinder and T. Claire Davies
Parent perspectives on augmentative and alternative communication in Sri Lanka,https://www.tandfonline.com/doi/abs/10.1080/07434618.2022.2121940,10.1080/07434618.2022.2121940,True,,2022,"https://scholar.google.com/scholar?hl=en&q=augmentative and alternative communication&as_vis=1&as_sdt=1,5&start=%d&as_ylo=2018",Augmentative and Alternative Communication,False,,Nimisha Muttiah and Ayendree Seneviratne and Kathryn D. R. Drager and Nina A. Panterliyon
Integrating familiar listeners and speech recognition technologies into augmentative and alternative communication intervention for adults with down syndrome …,https://www.tandfonline.com/doi/abs/10.1080/10400435.2021.1934610,10.1080/10400435.2021.1934610,True,,2021,"https://scholar.google.com/scholar?hl=en&q=augmentative and alternative communication&as_vis=1&as_sdt=1,5&start=%d&as_ylo=2018",Assistive Technology,False,,Christine Holyfield and Kathryn Drager
Preliminary assessment of the need and awareness of augmentative and alternative communication systems in Armenia,https://ijph.tums.ac.ir/index.php/ijph/article/download/15954/6269,10.18502/ijph.v48i1.807,True,Preliminary assessment of the need and awareness of augmentative and alternative communication systems in Armenia.pdf,2019,"https://scholar.google.com/scholar?hl=en&q=augmentative and alternative communication&as_vis=1&as_sdt=1,5&start=%d&as_ylo=2018",Iranian Journal of Public Health,True,Scholar,Tigran PETROSYAN and Hasmik MKRTCHYAN and Zvart HARUTYUNYAN and Armenuhi AVAGYAN
Supporting Emergent Bilinguals Who Use Augmentative and Alternative Communication and Their Families: Lessons in Telepractice From the COVID-19 Pandemic,https://pubs.asha.org/doi/abs/10.1044/2022_AJSLP-22-00003,10.1044/2022_ajslp-22-00003,True,,2022,"https://scholar.google.com/scholar?hl=en&q=augmentative and alternative communication&as_vis=1&as_sdt=1,5&start=%d&as_ylo=2018",American Journal of Speech-Language Pathology,False,,Marika King and Hannah Ward and Gloria Soto and Tyson S. Barrett
